/*
SQLyog Ultimate v11.11 (64 bit)
MySQL - 5.5.5-10.1.13-MariaDB : Database - db_verif_len
*********************************************************************
*/

/*!40101 SET NAMES utf8 */;

/*!40101 SET SQL_MODE=''*/;

/*!40014 SET @OLD_UNIQUE_CHECKS=@@UNIQUE_CHECKS, UNIQUE_CHECKS=0 */;
/*!40014 SET @OLD_FOREIGN_KEY_CHECKS=@@FOREIGN_KEY_CHECKS, FOREIGN_KEY_CHECKS=0 */;
/*!40101 SET @OLD_SQL_MODE=@@SQL_MODE, SQL_MODE='NO_AUTO_VALUE_ON_ZERO' */;
/*!40111 SET @OLD_SQL_NOTES=@@SQL_NOTES, SQL_NOTES=0 */;
CREATE DATABASE /*!32312 IF NOT EXISTS*/`db_verif_len` /*!40100 DEFAULT CHARACTER SET latin1 */;

USE `db_verif_len`;

/*Table structure for table `dokumen` */

DROP TABLE IF EXISTS `dokumen`;

CREATE TABLE `dokumen` (
  `No` int(11) DEFAULT NULL,
  `Tanggal_Masuk` datetime NOT NULL,
  `Kode_Ver` enum('LB','LK','LM','LN','PB','PP','UM','') NOT NULL,
  `No_Verifikasi` varchar(50) NOT NULL,
  `Keterangan` text,
  `User` varchar(20) NOT NULL,
  `Mata_Uang` varchar(10) NOT NULL,
  `Jumlah` int(20) NOT NULL,
  `Tgl_Out_Verif` date NOT NULL,
  `Tgl_Out_Jurnal` date NOT NULL,
  `Tgl_Out_Manager` date NOT NULL,
  `Lok_Dokumen` varchar(30) NOT NULL,
  `operator_id` int(11) DEFAULT NULL,
  PRIMARY KEY (`No_Verifikasi`),
  KEY `operator_id` (`operator_id`),
  CONSTRAINT `dokumen_ibfk_1` FOREIGN KEY (`operator_id`) REFERENCES `operator` (`operator_id`)
) ENGINE=InnoDB DEFAULT CHARSET=latin1;

/*Data for the table `dokumen` */

insert  into `dokumen`(`No`,`Tanggal_Masuk`,`Kode_Ver`,`No_Verifikasi`,`Keterangan`,`User`,`Mata_Uang`,`Jumlah`,`Tgl_Out_Verif`,`Tgl_Out_Jurnal`,`Tgl_Out_Manager`,`Lok_Dokumen`,`operator_id`) values (1,'2019-07-01 00:00:00','LB','0001/LB/07/2019','BUAYA PD KE POLDA JABAR TGL 20-21 JUNI 2019','NOVA A','RP',546000,'2019-08-22','0000-00-00','0000-00-00','Jurnalis 1',4),(2,'2019-07-11 00:00:00','LB','0002/LB/07/2019','BIAYA PD KE POLDA JABAR TGL 20-21 JUNI 2019','NOVA A','RP',2547312,'0000-00-00','0000-00-00','0000-00-00','Jurnalis 1',2),(3,'2019-07-01 00:00:00','LN','0003/LN/07/2019','Buaya Puskesmas','adi cahyadi','euro',15,'0000-00-00','0000-00-00','0000-00-00','Jurnalis 1',5),(4,'2019-07-01 00:00:00','LM','0004/LM/07/19','BIAYA PD KE JKT TGL 24 APRIL 2019','FARAH S','RP',579000,'2019-07-01','2019-07-02','2019-07-03','Jurnalis 1',3),(4,'2019-08-17 00:00:00','PP','0004/PP/08/2019','asdasd','asdasdasdasdasd','RP',123123123,'0000-00-00','0000-00-00','0000-00-00','Jurnalis 1',5),(5,'2019-07-01 00:00:00','LM','0005/LM/07/19','BIAYA PD KE JKT TGL 26 APRIL 2019\r\n','FARAH S','RP',299000,'2019-07-01','2019-07-02','2019-07-03','Manager',4),(5,'2019-08-17 00:00:00','PP','0005/PP/08/2019','TTTTTT','TTTTTT','USD',213123123,'0000-00-00','0000-00-00','0000-00-00','Manager',NULL),(6,'2019-08-19 00:00:00','LB','0006/LB/08/2019','Tes Bareng','Moch. Star Ramadhan','RP',1000,'0000-00-00','0000-00-00','0000-00-00','Manager',NULL),(6,'2019-07-01 00:00:00','PB','0006/PB/07/19','BIAYA PD KE BDG TGL 4-6 MEI 2019\r\n','FAUJI FAJRUDIN','RP',41400000,'2019-07-01','2019-07-02','2019-07-03','Manager',2),(7,'2019-08-19 00:00:00','LB','0007/LB/08/2019','Biaya Kerata','Muhamad Nurcahya Eko','CHF',5000,'0000-00-00','0000-00-00','0000-00-00','Manager',NULL),(7,'2019-08-19 00:00:00','LK','0007/LK/08/2019','raeasda','Moch Star Ramadhan','SGD',2131231,'0000-00-00','0000-00-00','0000-00-00','Manager',5),(7,'2019-07-01 00:00:00','PB','0007/PB/07/19','BIAYA PD KE SBY TGL 29-30 APRIL 2019\r\n','QAMARUZZAMAN','RP',2060000,'2019-07-01','2019-07-02','2019-07-03','Manager',1),(8,'2019-08-19 00:00:00','LK','0008/LK/08/2019','sdasdas','Moch Star Ramadhan','USD',2423412,'0000-00-00','0000-00-00','0000-00-00','Manager',NULL),(8,'2019-07-01 00:00:00','LM','0008/LM/07/19','BIAYA PD KE SBY TGL 29-30 APRIL 2019\r\n','QAMARUZZAMAN','RP',466000,'2019-07-01','2019-07-02','2019-07-03','Manager',2),(8,'2019-08-19 00:00:00','UM','0008/UM/08/2019','tes eko 3','muhamad nurcahya eko','USD',5000,'0000-00-00','0000-00-00','0000-00-00','Finish',NULL),(9,'2019-07-01 00:00:00','LM','0009/LM/07/19','BIAYA PD KE JKT TGL 2 APRIL 2019\r\n','QAMARUZZAMAN','RP',579000,'2019-07-01','2019-07-02','2019-07-03','Finish',3),(9,'2019-08-19 00:00:00','LM','0009/LM/08/2019','sawqe','Moch Star Ramadhan','USD',7686876,'0000-00-00','0000-00-00','0000-00-00','Finish',NULL),(9,'2019-08-19 00:00:00','UM','0009/UM/08/2019','test 4','muhamad nurchya eko ','USD',5000,'0000-00-00','0000-00-00','0000-00-00','Finish',NULL),(10,'2019-07-01 00:00:00','UM','0010/UM/07/19','UM PD KE JKT TGL 2 APRIL 2019\r\n','QAMARUZZAMAN','RP',280000,'2019-07-01','2019-07-02','2019-07-03','Finish',4),(10,'2019-08-19 00:00:00','UM','0010/UM/08/2019','tes eko 1','muhamad nurcahya eko','USD',5000,'0000-00-00','0000-00-00','0000-00-00','Finish',NULL),(11,'2019-07-01 00:00:00','LM','0011/LM/07/19','BIAYA PD KE BDG TGL 22-23 APRIL 2019\r\n','NURLAWIGIANTY A','RP',448000,'2019-07-01','2019-07-02','2019-07-03','Finish',5),(11,'2019-08-19 00:00:00','UM','0011/UM/08/2019','tes eko 2','muhamad nurcahya eko','USD',5000,'0000-00-00','0000-00-00','0000-00-00','Finish',NULL),(12,'2019-07-01 00:00:00','LM','0012/LM/07/19','BIAYA PD KE SBY TGL 13-15 MARET 2019\r\n','HIDAYATURROKHMAN','RP',699000,'2019-07-01','2019-07-02','2019-07-03','Finish',5),(12,'2019-08-19 00:00:00','LM','0012/LM/08/2019','1234','star','USD',1234,'0000-00-00','2019-08-28','0000-00-00','Manager',5),(13,'2019-08-19 00:00:00','LB','0013/LB/08/2019','lat 1','eko','RP',5000,'0000-00-00','0000-00-00','0000-00-00','Reject',5),(13,'2019-08-19 00:00:00','LM','0013/LM/08/2019','1234','star26','SGD',1234,'0000-00-00','0000-00-00','0000-00-00','Manager',NULL),(13,'2019-07-01 00:00:00','PB','0013/PB/07/19','BIAYA PD KE SBY TGL 13-15 MARET 2019\r\n','HIDAYATURROKHMAN','RP',940000,'2019-07-01','2019-07-02','2019-07-03','Manager',5),(13,'2019-08-19 00:00:00','PP','0013/PP/08/2019','masuk','eko','USD',400,'0000-00-00','0000-00-00','0000-00-00','Jurnalis 1',5),(14,'2019-08-19 00:00:00','LK','0014/LK/08/2019','1234','star','RP',1234,'0000-00-00','0000-00-00','0000-00-00','Manager',NULL),(14,'2019-07-01 00:00:00','LM','0014/LM/07/19','BIAYA PD KE SUBANG TGL 17 MEI 2019\r\n','YASER Y','RP',202000,'2019-07-01','2019-07-02','2019-07-03','Manager',6),(14,'2019-08-19 00:00:00','LM','0014/LM/08/2019','1234','ttrees','EURO',311412,'0000-00-00','0000-00-00','0000-00-00','Manager',NULL),(15,'2019-07-01 00:00:00','LM','0015/LM/07/19','BIAYA PD KE SUBANG TGL 13 MEI 2019\r\n','YASER Y','RP',272000,'2019-07-01','2019-07-02','2019-07-03','Manager',5),(15,'2019-08-19 00:00:00','LM','0015/LM/08/2019','1234','star','USD',1234,'0000-00-00','0000-00-00','0000-00-00','Reject',5),(15,'2019-08-19 00:00:00','LN','0015/LN/08/2019','12344','idham','USD',4123,'0000-00-00','0000-00-00','0000-00-00','Manager',NULL),(16,'2019-07-01 00:00:00','LM','0016/LM/07/19','BIAYA PD KE JKT TGL 23-24 MEI 2019\r\n','NABHAN A/HASAN','RP',750000,'2019-07-01','2019-07-02','2019-07-03','Manager',6),(16,'2019-08-19 00:00:00','PB','0016/PB/08/2019','213','adas','USD',31111,'0000-00-00','0000-00-00','0000-00-00','Manager',NULL),(17,'2019-07-01 00:00:00','LM','0017/LM/07/19','BIAYA PD KE JKT TGL 23 MEI 2019\r\n','NABHAN A/INDRA','RP',385000,'2019-07-01','2019-07-02','2019-07-03','Jurnalis 1',4),(17,'2019-08-19 00:00:00','LM','0017/LM/08/2019','213','star','SGD',213,'0000-00-00','0000-00-00','0000-00-00','Manager',NULL),(18,'2019-08-19 00:00:00','LK','0018/LK/08/2019','123','eko','EURO',3121,'0000-00-00','0000-00-00','0000-00-00','Manager',NULL),(18,'2019-07-01 00:00:00','LM','0018/LM/07/19','BIAYA PD KE JKT TGL 20-24 MEI 2019\r\n','NABHAN A/ALFIAN','RP',7395000,'2019-07-01','2019-07-02','2019-07-03','Jurnalis 1',3),(19,'2019-08-19 00:00:00','LK','0019/LK/08/2019','ar','eta','USD',1227,'0000-00-00','0000-00-00','0000-00-00','Jurnalis 1',NULL),(19,'2019-07-01 00:00:00','LM','0019/LM/07/19','BIAYA PD KE JKT TGL 27-29 MEI 2019\r\n','NABHAN A/ALFIAN','RP',6224000,'2019-07-01','2019-07-02','2019-07-03','Jurnalis 1',4),(19,'2019-08-19 00:00:00','LM','0019/LM/08/2019','123','star','EURO',123,'0000-00-00','0000-00-00','0000-00-00','Manager',NULL),(19,'2019-08-19 00:00:00','LN','0019/LN/08/2019','rwwer','rees','SGD',131231,'0000-00-00','0000-00-00','2019-08-26','Finish',NULL),(20,'2019-08-19 00:00:00','LB','0020/LB/08/2019','123','eko','USD',312,'0000-00-00','0000-00-00','0000-00-00','Jurnalis 1',NULL),(20,'2019-07-01 00:00:00','LM','0020/LM/07/19','BIAYA PD KE TANGERANG TGL 25-26 MEI 2019\r\n','NABHAN A/AGUNG S','RP',852000,'2019-07-01','2019-07-02','2019-07-03','Jurnalis 1',2),(20,'2019-08-19 00:00:00','LM','0020/LM/08/2019','qwe','qwe','USD',21123,'0000-00-00','0000-00-00','2019-08-26','Finish',NULL),(20,'2019-08-19 00:00:00','PB','0020/PB/08/2019','123','star','USD',123,'0000-00-00','0000-00-00','0000-00-00','Manager',NULL),(21,'2019-08-19 00:00:00','LN','0021/LN/08/2019','123','eqwe','EURO',123,'0000-00-00','0000-00-00','0000-00-00','Jurnalis 1',NULL),(21,'2019-07-14 00:00:00','PB','0021/PB/07/2019','DINAS KE BALI','PT. MAJU MUNDUR ENAK','RP',13000000,'2019-07-14','0000-00-00','0000-00-00','Jurnalis 1',5),(22,'2019-08-19 00:00:00','LB','0022/LB/08/2019','123','rew','USD',122,'0000-00-00','0000-00-00','0000-00-00','Jurnalis 1',NULL),(22,'2019-08-19 00:00:00','LK','0022/LK/08/2019','qwe','Star','SGD',123,'0000-00-00','0000-00-00','0000-00-00','Jurnalis 1',NULL),(23,'2019-08-19 00:00:00','LB','0023/LB/08/2019','q243','star','SGD',4123,'0000-00-00','0000-00-00','0000-00-00','Jurnalis 1',NULL),(26,'2019-08-19 00:00:00','LN','0026/LN/08/2019','asdad','Star','RP',12314123,'0000-00-00','0000-00-00','0000-00-00','Jurnalis 1',NULL),(26,'2019-08-19 00:00:00','PB','0026/PB/08/2019','112','twer','EURO',123,'0000-00-00','0000-00-00','0000-00-00','Jurnalis 1',NULL),(27,'2019-08-19 00:00:00','LK','0027/LK/08/2019','ara','tsat','SGD',1231,'0000-00-00','0000-00-00','0000-00-00','Jurnalis 1',NULL),(30,'2019-08-19 00:00:00','LM','0030/LM/08/2019','123','sqwe','USD',123,'0000-00-00','0000-00-00','0000-00-00','Jurnalis 1',NULL),(30,'2019-08-19 00:00:00','PP','0030/PP/08/2019','asd','asd','USD',23432,'0000-00-00','0000-00-00','0000-00-00','Jurnalis 1',NULL),(31,'2019-08-19 00:00:00','LK','0031/LK/08/2019','asd','asd','USD',123141,'0000-00-00','0000-00-00','0000-00-00','Jurnalis 1',NULL),(38,'2019-08-22 00:00:00','LB','0038/LB/08/2019','asd','asdwqe','USD',123,'0000-00-00','2019-08-27','0000-00-00','Finish',7),(39,'2019-08-22 00:00:00','LK','0039/LK/08/2019','fafa','fafa','USD',132,'0000-00-00','0000-00-00','0000-00-00','Manager',7),(40,'2019-08-22 00:00:00','LK','0040/LK/08/2019','rara','rara','RP',1312,'2019-08-22','0000-00-00','0000-00-00','Manager',7),(53,'2019-08-24 00:00:00','PB','0053/PB/08/2019','perjalanan lainnya','star','RP',2,'2019-08-24','0000-00-00','0000-00-00','Reject',7),(54,'2019-08-25 00:00:00','UM','0054/UM/08/2019','minggu test','satar','RP',1,'2019-08-25','0000-00-00','2019-08-28','Finish',5),(55,'2019-08-25 00:00:00','UM','0055/UM/08/2019','saa','shadep31@gmail.com','RP',3,'2019-08-25','2019-08-26','2019-08-28','Finish',5),(56,'2019-08-26 00:00:00','UM','0056/UM/08/2019','TES SENIN','ADAN','RP',1,'2019-08-26','2019-08-26','0000-00-00','Reject',5),(57,'2019-08-26 00:00:00','UM','0057/UM/08/2019','TESTING LAGI','Moch Star Ramadhan','RP',200,'2019-08-26','2019-08-26','2019-08-26','Finish',5),(58,'2019-08-26 00:00:00','PB','0058/PB/08/2019','masjid','Al Barokah','RP',20000000,'2019-08-27','0000-00-00','0000-00-00','Reject',5),(59,'2019-08-27 00:00:00','LM','0059/LM/08/2019','raaa','saaa','RP',121212,'2019-08-27','0000-00-00','2019-08-27','Finish',6),(60,'2019-08-27 00:00:00','UM','0060/UM/08/2019','TESTING FLOW','STAR SELASA','RP',2,'2019-08-27','2019-08-27','2019-08-27','Finish',5),(61,'2019-08-27 00:00:00','PP','0061/PP/08/2019','TESTING','VER3','RP',1,'2019-08-27','2019-08-27','0000-00-00','Jurnalis 1',7),(62,'2019-08-27 00:00:00','LK','0062/LK/08/2019','kapan beresnya ini project','Shardan','JPY',100,'2019-08-27','2019-08-27','0000-00-00','Reject',5),(63,'2019-08-27 00:00:00','PB','0063/PB/08/2019','SEMANGAT BRO','TATANG','EURO',12121,'2019-08-27','2019-08-27','2019-08-27','Reject',5),(64,'2019-08-27 00:00:00','LK','0064/LK/08/2019','BISMILLAH','VERIF2 TEST','CHF',123,'2019-08-27','2019-08-27','2019-08-27','Reject',6),(65,'2019-08-27 00:00:00','LN','0065/LN/08/2019','SAKI','AZAYAKA','RP',12,'2019-08-27','2019-08-27','2019-08-27','Reject',6),(66,'2019-08-27 00:00:00','LB','0066/LB/08/2019','OREER','IYEER','RP',12,'2019-08-27','0000-00-00','0000-00-00','Reject',6),(67,'2019-08-27 00:00:00','LN','0067/LN/08/2019','HONKI','ITSU','RP',222,'2019-08-27','2019-08-27','2019-08-27','Finish',6),(68,'2019-08-27 00:00:00','PP','0068/PP/08/2019','RAATS','STAAARRR','GBP',123,'2019-08-27','0000-00-00','0000-00-00','Jurnalis 1',7),(69,'2019-08-27 00:00:00','PB','0069/PB/08/2019','tes','verif1 cing','RP',123,'2019-08-27','0000-00-00','0000-00-00','Jurnalis 1',5),(70,'2019-08-27 00:00:00','PB','0070/PB/08/2019','sst','verif2 OM','USD',331,'2019-08-27','0000-00-00','0000-00-00','Reject',6),(71,'2019-08-27 00:00:00','PP','0071/PP/08/2019','jempling','verif3 cuy','RP',4141,'2019-08-27','0000-00-00','0000-00-00','Jurnalis 3',7),(72,'2019-08-27 00:00:00','LM','0072/LM/08/2019','saa','aaaaaaaaaaaaaaaaaaaa','RP',11,'2019-08-27','0000-00-00','0000-00-00','Reject',6),(73,'2019-08-27 00:00:00','PP','0073/PP/08/2019','SET','TES','USD',666,'2019-08-27','0000-00-00','0000-00-00','Jurnalis 3',7),(74,'2019-08-27 00:00:00','UM','0074/UM/08/2019','ss','jam 1830','USD',2,'2019-08-27','0000-00-00','0000-00-00','Reject',6),(75,'2019-08-27 00:00:00','PP','0075/PP/08/2019','ssss','V3 1831','USD',2,'2019-08-27','0000-00-00','0000-00-00','Reject',7),(76,'2019-08-27 00:00:00','PB','0076/PB/08/2019','YYY','YYY','RP',3,'2019-08-27','2019-08-28','0000-00-00','Reject',5),(77,'2019-08-27 00:00:00','PB','0077/PB/08/2019','41','41','USD',41,'2019-08-27','0000-00-00','0000-00-00','Reject',5),(78,'2019-08-27 00:00:00','UM','0078/UM/08/2019','V2','V2 ss','RP',121121,'2019-08-27','2019-08-27','2019-08-28','Finish',6),(79,'2019-08-27 00:00:00','LM','0079/LM/08/2019','vaav','V2 22','RP',213,'2019-08-27','0000-00-00','0000-00-00','Reject',6),(80,'2019-08-27 00:00:00','LM','0080/LM/08/2019','V22','V22','USD',2211,'2019-08-27','0000-00-00','0000-00-00','Reject',6),(81,'2019-08-27 00:00:00','UM','0081/UM/08/2019','Adad','V2 AA','SGD',22,'2019-08-27','2019-08-27','2019-08-28','Finish',6),(82,'2019-08-27 00:00:00','PP','0082/PP/08/2019','RRAA','STAR','GBP',44444,'2019-08-27','0000-00-00','0000-00-00','Jurnalis 3',7),(83,'2019-08-28 00:00:00','LM','0083/LM/08/2019','tes tengah malam','SAYA','RP',1111,'2019-08-28','0000-00-00','0000-00-00','Jurnalis 2',6),(84,'2019-08-28 00:00:00','UM','0084/UM/08/2019','BARU BAYAR','PT ALIM RUGI','RP',400000,'2019-08-28','0000-00-00','0000-00-00','Jurnalis 2',6),(85,'2019-08-28 00:00:00','UM','0085/UM/08/2019','minta uang','Bambang','RP',2000,'2019-08-28','2019-08-28','2019-08-28','Finish',5),(86,'2019-08-28 00:00:00','UM','0086/UM/08/2019','12','TAR','RP',123,'2019-08-28','0000-00-00','0000-00-00','Reject',5),(87,'2019-08-28 00:00:00','UM','0087/UM/08/2019','DINAS KE BALI','PT. MAJU MUNDUR ENAK','RP',14000000,'2019-08-28','2019-08-28','0000-00-00','Manager',5),(88,'2019-08-28 00:00:00','LN','0088/LN/08/2019','DINAS','PT ALIM RUGI','USD',20,'2019-08-28','0000-00-00','0000-00-00','Jurnalis 2',6),(89,'2019-08-28 00:00:00','UM','0089/UM/08/2019','Testing','Star','RP',200000,'2019-08-28','0000-00-00','0000-00-00','Jurnalis 1',5),(90,'2019-08-28 00:00:00','PP','0090/PP/08/2019','Perpustakaan','Nurcahya eko','JPY',1000,'2019-08-28','0000-00-00','0000-00-00','Jurnalis 3',7),(91,'2019-08-28 00:00:00','PP','0091/PP/08/2019','Perpus','Nurcahya Eko','USD',30000,'2019-08-28','0000-00-00','0000-00-00','Jurnalis 3',7),(92,'2019-08-28 00:00:00','LM','0092/LM/08/2019','Minjam Uang ','Rifqi','RP',20000000,'2019-08-28','0000-00-00','0000-00-00','Jurnalis 2',6),(93,'2019-08-28 00:00:00','LK','0093/LK/08/2019','Testing 2','Star','SGD',3000,'2019-08-28','0000-00-00','0000-00-00','Jurnalis 1',5),(94,'2019-08-28 00:00:00','UM','0094/UM/08/2019','Mengembalikan uang','Rifqi','USD',2300,'2019-08-28','0000-00-00','0000-00-00','Jurnalis 2',6),(95,'2019-08-29 00:00:00','PP','0095/PP/08/2019','PERJALANAN KE MESIR','Bapak Satar','USD',200,'2019-08-29','0000-00-00','0000-00-00','Jurnalis 3',7),(96,'2019-08-29 00:00:00','PP','0096/PP/08/2019','Pulang Dari Mesir','Bapak Satar','RP',200,'2019-08-29','0000-00-00','0000-00-00','Jurnalis 3',7),(97,'2019-08-29 00:00:00','PP','0097/PP/08/2019','DINAS','PT ALIM RUGI','RP',1000000,'2019-08-29','0000-00-00','0000-00-00','Jurnalis 3',7),(98,'2019-08-29 00:00:00','PP','0098/PP/08/2019','ongkos ke hongkong','dandi','RP',100000,'2019-08-29','0000-00-00','0000-00-00','Jurnalis 3',7),(99,'2019-08-29 00:00:00','PP','0099/PP/08/2019','Beli Treuk','Jujun','USD',12,'2019-08-29','0000-00-00','0000-00-00','Jurnalis 3',7),(100,'2019-08-29 19:11:57','PP','0100/PP/08/2019','biaya transport ke KualaLumpur','ujangs','USD',22,'2019-08-29','0000-00-00','0000-00-00','Reject',7);

/*Table structure for table `operator` */

DROP TABLE IF EXISTS `operator`;

CREATE TABLE `operator` (
  `operator_id` int(15) NOT NULL AUTO_INCREMENT,
  `username` varchar(50) NOT NULL,
  `password_enc` varchar(60) NOT NULL,
  `password` varchar(20) DEFAULT NULL,
  `position` enum('manager','verifikasi1','verifikasi2','verifikasi3','jurnalis','admin','guest') NOT NULL,
  `phone_number` varchar(20) NOT NULL,
  `status` enum('active','nonactive') NOT NULL,
  PRIMARY KEY (`operator_id`)
) ENGINE=InnoDB AUTO_INCREMENT=11 DEFAULT CHARSET=latin1;

/*Data for the table `operator` */

insert  into `operator`(`operator_id`,`username`,`password_enc`,`password`,`position`,`phone_number`,`status`) values (1,'admin','21232f297a57a5a743894a0e4a801fc3','admin','admin','0','active'),(2,'manager','1d0258c2440a8d19e716292b231e3190','manager','manager','123123123','active'),(3,'admins','21232f297a57a5a743894a0e4a801fc3','admin','admin','0','nonactive'),(4,'jurnalis','a8bf7856e42e177ffa80bda20d0166c4','jurnalis','jurnalis','012312','active'),(5,'verif1','70f4c4a6a1c5edf8104f23a44e308f1f','verif1','verifikasi1','0123','active'),(6,'verif2','4932df2bfecc6430acbe6b527be892e4','verif2','verifikasi2','00','active'),(7,'verif3','ac1ac4d15eb52cac0c20c0b6ea21c3f2','verif3','verifikasi3','0','active');

/*Table structure for table `revisi` */

DROP TABLE IF EXISTS `revisi`;

CREATE TABLE `revisi` (
  `No` int(11) NOT NULL AUTO_INCREMENT,
  `Tanggal_Masuk` date DEFAULT NULL,
  `Kode_Ver` varchar(20) DEFAULT NULL,
  `No_Verifikasi` varchar(50) DEFAULT NULL,
  `Keterangan` text,
  `User` varchar(20) DEFAULT NULL,
  `Mata_Uang` varchar(10) DEFAULT NULL,
  `Jumlah` int(20) DEFAULT NULL,
  `Tgl_Out_Verif` date DEFAULT NULL,
  `Tgl_Out_Jurnal` date DEFAULT NULL,
  `Status_Revisi` varchar(10) DEFAULT NULL,
  `Alasan_Revisi` text,
  `Operator_id` varchar(20) DEFAULT NULL,
  KEY `no_dokumen` (`No`),
  KEY `No_Verifikasi` (`No_Verifikasi`),
  CONSTRAINT `revisi_ibfk_1` FOREIGN KEY (`No_Verifikasi`) REFERENCES `dokumen` (`No_Verifikasi`) ON UPDATE CASCADE
) ENGINE=InnoDB AUTO_INCREMENT=60 DEFAULT CHARSET=latin1;

/*Data for the table `revisi` */

insert  into `revisi`(`No`,`Tanggal_Masuk`,`Kode_Ver`,`No_Verifikasi`,`Keterangan`,`User`,`Mata_Uang`,`Jumlah`,`Tgl_Out_Verif`,`Tgl_Out_Jurnal`,`Status_Revisi`,`Alasan_Revisi`,`Operator_id`) values (45,'2019-08-26','UM','0058/PB/08/2019','masjid','Al Barokah','RP',20000000,'2019-08-26','0000-00-00','Done','Kurang banyak','5'),(46,'2019-08-27','LN','0076/PB/08/2019','YY','YY','RP',3,'2019-08-27','2019-08-27','Done','GAGAGAGA','5'),(48,'2019-08-27','LN','0076/PB/08/2019','YYY','YYY','RP',3,'2019-08-27','2019-08-27','Done','YYYY','5'),(49,'2019-08-27','PB','0077/PB/08/2019','41','41','USD',41,'2019-08-27','0000-00-00',NULL,'TATA','5'),(50,'2019-08-27','LM','0079/LM/08/2019','vaav','V2 22','RP',213,'2019-08-27','0000-00-00',NULL,'AAA','6'),(51,'2019-08-27','LM','0080/LM/08/2019','V22','V22','USD',2211,'2019-08-27','0000-00-00',NULL,'ADDDAA','6'),(52,'2019-08-27','LM','0081/UM/08/2019','Adad','V2 AA','SGD',22,'2019-08-27','0000-00-00','Done','34','6'),(53,'2019-08-27','PP','0082/PP/08/2019','RRAA','STAR','RP',44444,'2019-08-27','0000-00-00','Done','TTTT','7'),(54,'2019-08-27','PP','0082/PP/08/2019','RRAA','STAR','JPY',44444,'2019-08-27','0000-00-00','Done','YYYY','7'),(55,'2019-08-28','UM','0086/UM/08/2019','12','TAR','RP',123,'2019-08-28','0000-00-00',NULL,'kurang uang','5'),(56,'2019-08-27','PB','0076/PB/08/2019','YYY','YYY','RP',3,'2019-08-27','2019-08-28',NULL,'apa aja pokoknya salah','5'),(57,'2019-08-24','PB','0053/PB/08/2019','perjalanan lainnya','star','RP',2,'2019-08-24','0000-00-00',NULL,'hayu mabar','7'),(58,'2019-08-28','UM','0085/UM/08/2019','minta uang','Bangbang','RP',2000,'2019-08-28','0000-00-00','Done','nama salah, seharusnya Bambang','5'),(59,'2019-08-29','PP','0100/PP/08/2019','biaya transport ke KualaLumpur','ujangs','USD',22,'2019-08-29','0000-00-00',NULL,'perbaiki nama user','7');

/*!40101 SET SQL_MODE=@OLD_SQL_MODE */;
/*!40014 SET FOREIGN_KEY_CHECKS=@OLD_FOREIGN_KEY_CHECKS */;
/*!40014 SET UNIQUE_CHECKS=@OLD_UNIQUE_CHECKS */;
/*!40111 SET SQL_NOTES=@OLD_SQL_NOTES */;
