/*
SQLyog Ultimate v11.11 (64 bit)
MySQL - 5.5.5-10.1.13-MariaDB : Database - db_verif_len
*********************************************************************
*/

/*!40101 SET NAMES utf8 */;

/*!40101 SET SQL_MODE=''*/;

/*!40014 SET @OLD_UNIQUE_CHECKS=@@UNIQUE_CHECKS, UNIQUE_CHECKS=0 */;
/*!40014 SET @OLD_FOREIGN_KEY_CHECKS=@@FOREIGN_KEY_CHECKS, FOREIGN_KEY_CHECKS=0 */;
/*!40101 SET @OLD_SQL_MODE=@@SQL_MODE, SQL_MODE='NO_AUTO_VALUE_ON_ZERO' */;
/*!40111 SET @OLD_SQL_NOTES=@@SQL_NOTES, SQL_NOTES=0 */;
CREATE DATABASE /*!32312 IF NOT EXISTS*/`db_verif_len` /*!40100 DEFAULT CHARACTER SET latin1 */;

USE `db_verif_len`;

/*Table structure for table `dokumen` */

DROP TABLE IF EXISTS `dokumen`;

CREATE TABLE `dokumen` (
  `No` int(11) DEFAULT NULL,
  `Tanggal_Masuk` datetime NOT NULL,
  `Kode_Ver` enum('LB','LK','LM','LN','PB','PP','UM','') NOT NULL,
  `No_Verifikasi` varchar(50) NOT NULL,
  `Keterangan` text,
  `User` varchar(20) NOT NULL,
  `Mata_Uang` varchar(10) NOT NULL,
  `Jumlah` double NOT NULL,
  `Tgl_Out_Verif` datetime NOT NULL,
  `Tgl_Out_Jurnal` datetime NOT NULL,
  `Tgl_Out_Manager` datetime NOT NULL,
  `Lok_Dokumen` varchar(30) NOT NULL,
  `operator_id` int(11) DEFAULT NULL,
  PRIMARY KEY (`No_Verifikasi`),
  KEY `operator_id` (`operator_id`),
  CONSTRAINT `dokumen_ibfk_1` FOREIGN KEY (`operator_id`) REFERENCES `operator` (`operator_id`)
) ENGINE=InnoDB DEFAULT CHARSET=latin1;

/*Data for the table `dokumen` */

insert  into `dokumen`(`No`,`Tanggal_Masuk`,`Kode_Ver`,`No_Verifikasi`,`Keterangan`,`User`,`Mata_Uang`,`Jumlah`,`Tgl_Out_Verif`,`Tgl_Out_Jurnal`,`Tgl_Out_Manager`,`Lok_Dokumen`,`operator_id`) values (1,'2019-07-01 00:00:00','LB','0001/LB/07/2019','BUAYA PD KE POLDA JABAR TGL 20-21 JUNI 2019','NOVA A','RP',546000,'2019-08-22 00:00:00','0000-00-00 00:00:00','0000-00-00 00:00:00','Jurnalis 1',4),(1,'2019-09-04 18:03:00','PP','0001/PP/09/2019','BIAYA SPONSORSHIP MENDUKUNG PUBLIKASI MENGENANG HARI BAKTI TNI AU KE 72 ','ATIH N','RP',9000000,'2019-09-04 18:03:00','2019-09-04 00:00:00','0000-00-00 00:00:00','Manager',7),(2,'2019-07-11 00:00:00','LB','0002/LB/07/2019','BIAYA PD KE POLDA JABAR TGL 20-21 JUNI 2019','NOVA A','RP',2547312,'0000-00-00 00:00:00','0000-00-00 00:00:00','0000-00-00 00:00:00','Jurnalis 1',2),(2,'2018-09-05 06:13:07','LM','0002/LM/09/2019','BIAYA PD KE POLDA JABAR TGL 20-21 JUNI 2019','NOVA A','RP',546000,'2019-09-05 06:13:07','0000-00-00 00:00:00','0000-00-00 00:00:00','Reject',6),(2,'2019-09-05 13:41:18','UM','0002/UM/09/2019','UM PD KE GRESIK TGL 14-16 JULI 2019','ADJI P','RP',8210000,'2019-09-05 13:41:18','0000-00-00 00:00:00','0000-00-00 00:00:00','Jurnalis 1',5),(3,'2019-07-01 00:00:00','LN','0003/LN/07/2019','Buaya Puskesmas','adi cahyadi','euro',15,'0000-00-00 00:00:00','0000-00-00 00:00:00','0000-00-00 00:00:00','Jurnalis 1',5),(3,'2019-09-05 13:41:42','UM','0003/UM/09/2019','UM PD KE JAKARTA TGL 4 JULI 2019','ALFI W','RP',552000,'2019-09-05 13:41:42','0000-00-00 00:00:00','0000-00-00 00:00:00','Jurnalis 1',5),(4,'2019-07-01 00:00:00','LM','0004/LM/07/19','BIAYA PD KE JKT TGL 24 APRIL 2019','FARAH S','RP',579000,'2019-07-01 00:00:00','2019-07-02 00:00:00','2019-07-03 00:00:00','Jurnalis 1',3),(4,'2019-09-05 13:42:08','UM','0004/UM/09/2019','UM PEMBAYARAN L/C USSANCE 45 DAYS 100% PENGADAAN NETPIRE IPPA DIGITAL CLOCK KE OPEN ACCESS COMMUNICATION SDN BHD ','WAHYU R','USD',42208.05,'2019-09-05 13:42:08','0000-00-00 00:00:00','0000-00-00 00:00:00','Jurnalis 1',5),(5,'2019-07-01 00:00:00','LM','0005/LM/07/19','BIAYA PD KE JKT TGL 26 APRIL 2019\r\n','FARAH S','RP',299000,'2019-07-01 00:00:00','2019-07-02 00:00:00','2019-07-03 00:00:00','Manager',4),(5,'2019-08-30 08:23:35','UM','0005/UM/08/2019','as','sata','RP',41,'2019-08-30 00:00:00','0000-00-00 00:00:00','0000-00-00 00:00:00','Reject',6),(5,'2019-09-05 13:42:41','UM','0005/UM/09/2019','UM PEMBAYARAN L/C PROGRESS PENGADAAN VAMTAC ST5 4PC FOR RAPIDRANGER MMS DLL KE URO VEHUCULOS ESPECIALES','WAHYU R','EURO',3208565.9,'2019-09-05 13:42:41','2019-09-05 15:34:22','0000-00-00 00:00:00','Manager',5),(6,'2019-08-30 09:29:51','LM','0006/LM/08/2019','tes','tes','RP',1,'2019-08-30 00:00:00','2019-09-05 13:31:54','0000-00-00 00:00:00','Manager',6),(6,'2019-07-01 00:00:00','PB','0006/PB/07/19','BIAYA PD KE BDG TGL 4-6 MEI 2019\r\n','FAUJI FAJRUDIN','RP',41400000,'2019-07-01 00:00:00','2019-07-02 00:00:00','2019-07-03 00:00:00','Manager',2),(6,'2019-09-05 13:44:27','PB','0006/PB/09/2019','PENGGANTIAN RENTAL KENDARAAN','RUSTANTO ','RP',500000,'2019-09-05 14:09:56','2019-09-05 15:32:23','2019-09-05 17:13:25','Finish',5),(7,'2019-07-01 00:00:00','PB','0007/PB/07/19','BIAYA PD KE SBY TGL 29-30 APRIL 2019\r\n','QAMARUZZAMAN','RP',2060000,'2019-07-01 00:00:00','2019-07-02 00:00:00','2019-07-03 00:00:00','Manager',1),(7,'2019-09-05 13:45:00','PB','0007/PB/09/2019','PENGGANTIAN RENTAL KENDARAAN','SRIYANTO SS','RP',1100000,'2019-09-05 13:52:40','0000-00-00 00:00:00','0000-00-00 00:00:00','Reject',5),(7,'2019-08-30 00:00:00','PP','0007/PP/08/2019','DInas','PT ALIM RUGI','RP',300000000,'2019-08-30 00:00:00','2019-09-04 00:00:00','0000-00-00 00:00:00','Reject',7),(8,'2019-07-01 00:00:00','LM','0008/LM/07/19','BIAYA PD KE SBY TGL 29-30 APRIL 2019\r\n','QAMARUZZAMAN','RP',466000,'2019-07-01 00:00:00','2019-07-02 00:00:00','2019-07-03 00:00:00','Manager',2),(8,'2019-09-05 13:45:28','PB','0008/PB/09/2019','BIAYA PD KE SBY TGL 12-21 MEI 2019','DIKDIK NNN','RP',8480000,'2019-09-05 13:57:51','0000-00-00 00:00:00','0000-00-00 00:00:00','Reject',5),(8,'2019-08-30 00:00:00','PP','0008/PP/08/2019','laptop','nurcahya eko 22','USD',1010101010,'2019-09-04 18:08:42','0000-00-00 00:00:00','0000-00-00 00:00:00','Jurnalis 3',7),(9,'2019-07-01 00:00:00','LM','0009/LM/07/19','BIAYA PD KE JKT TGL 2 APRIL 2019\r\n','QAMARUZZAMAN','RP',579000,'2019-07-01 00:00:00','2019-07-02 00:00:00','2019-07-03 00:00:00','Finish',3),(9,'2019-07-24 13:39:27','LN','0009/LN/07/2019','PD ','Sonia','RP',2000000,'2019-08-30 00:00:00','0000-00-00 00:00:00','0000-00-00 00:00:00','Jurnalis 1',5),(9,'2019-08-30 13:46:32','LN','0009/LN/08/2019','masuk','eko','EURO',10000,'2019-08-30 00:00:00','0000-00-00 00:00:00','0000-00-00 00:00:00','Jurnalis 1',5),(9,'2019-07-23 13:42:29','PB','0009/PB/07/2019','tes','tes','USD',12,'2019-08-30 00:00:00','0000-00-00 00:00:00','0000-00-00 00:00:00','Jurnalis 1',5),(9,'2019-09-05 13:46:02','PB','0009/PB/09/2019','BIAYA PD KE SBY TGL 9-21 MEI 2019','DZUL F/DEDI M','RP',1501600,'2019-09-05 13:46:02','2019-09-05 13:47:04','2019-09-05 13:47:27','Finish',5),(9,'2019-07-29 13:42:30','UM','0009/UM/07/2019','eko2','eko2','RP',1000000,'2019-08-30 00:00:00','0000-00-00 00:00:00','0000-00-00 00:00:00','Jurnalis 1',5),(10,'2019-08-30 13:46:33','PB','0010/PB/08/2019','star','star','RP',123,'2019-08-30 00:00:00','0000-00-00 00:00:00','0000-00-00 00:00:00','Jurnalis 1',5),(10,'2019-09-05 13:46:25','PB','0010/PB/09/2019','BIAYA PD KE JKT TGL 1-3 MEI 2019','BILLY B','RP',960000,'2019-09-05 13:46:25','2019-09-05 13:47:02','2019-09-05 13:47:25','Finish',5),(10,'2019-07-01 00:00:00','UM','0010/UM/07/19','UM PD KE JKT TGL 2 APRIL 2019\r\n','QAMARUZZAMAN','RP',280000,'2019-07-01 00:00:00','2019-07-02 00:00:00','2019-07-03 00:00:00','Finish',4),(11,'2019-07-01 00:00:00','LM','0011/LM/07/19','BIAYA PD KE BDG TGL 22-23 APRIL 2019\r\n','NURLAWIGIANTY A','RP',448000,'2019-07-01 00:00:00','2019-07-02 00:00:00','2019-07-03 00:00:00','Finish',5),(11,'2019-09-05 17:39:33','LM','0011/LM/09/2019','BIAYA PD KE BDG TGL 12 JULI 2019','RETNO W','RP',224000,'2019-09-05 17:41:07','2019-09-05 17:41:14','0000-00-00 00:00:00','Manager',6),(11,'2019-08-30 13:46:33','UM','0011/UM/08/2019','star','star','EURO',123,'2019-08-30 00:00:00','0000-00-00 00:00:00','0000-00-00 00:00:00','Jurnalis 1',5),(12,'2019-07-01 00:00:00','LM','0012/LM/07/19','BIAYA PD KE SBY TGL 13-15 MARET 2019\r\n','HIDAYATURROKHMAN','RP',699000,'2019-07-01 00:00:00','2019-07-02 00:00:00','2019-07-03 00:00:00','Finish',5),(12,'2019-08-30 13:46:33','UM','0012/UM/08/2019','dsds','eko','RP',30,'2019-08-30 00:00:00','0000-00-00 00:00:00','0000-00-00 00:00:00','Jurnalis 1',5),(13,'2019-08-30 13:46:34','LN','0013/LN/08/2019','KHL','Hami','EURO',3217,'2019-08-30 00:00:00','0000-00-00 00:00:00','0000-00-00 00:00:00','Jurnalis 1',5),(13,'2019-07-01 00:00:00','PB','0013/PB/07/19','BIAYA PD KE SBY TGL 13-15 MARET 2019\r\n','HIDAYATURROKHMAN','RP',940000,'2019-07-01 00:00:00','2019-07-02 00:00:00','2019-07-03 00:00:00','Manager',5),(14,'2019-07-01 00:00:00','LM','0014/LM/07/19','BIAYA PD KE SUBANG TGL 17 MEI 2019\r\n','YASER Y','RP',202000,'2019-07-01 00:00:00','2019-07-02 00:00:00','2019-07-03 00:00:00','Manager',6),(14,'2019-08-30 13:46:34','UM','0014/UM/08/2019','KL ke Jakarta','Hani','RP',1999999995,'2019-08-30 00:00:00','0000-00-00 00:00:00','0000-00-00 00:00:00','Jurnalis 1',5),(15,'2019-07-01 00:00:00','LM','0015/LM/07/19','BIAYA PD KE SUBANG TGL 13 MEI 2019\r\n','YASER Y','RP',272000,'2019-07-01 00:00:00','2019-07-02 00:00:00','2019-07-03 00:00:00','Manager',5),(15,'2019-08-30 13:46:34','PB','0015/PB/08/2019','masuk','oke','RP',219383,'2019-08-30 00:00:00','0000-00-00 00:00:00','0000-00-00 00:00:00','Jurnalis 1',5),(16,'2019-08-14 13:48:59','LB','0016/LB/08/2019','star','star','GBP',14123,'2019-08-30 00:00:00','0000-00-00 00:00:00','0000-00-00 00:00:00','Jurnalis 1',5),(16,'2019-07-01 00:00:00','LM','0016/LM/07/19','BIAYA PD KE JKT TGL 23-24 MEI 2019\r\n','NABHAN A/HASAN','RP',750000,'2019-07-01 00:00:00','2019-07-02 00:00:00','2019-07-03 00:00:00','Manager',6),(17,'2019-08-14 13:49:00','LB','0017/LB/08/2019','masuk','eko','USD',2324,'2019-08-30 00:00:00','0000-00-00 00:00:00','0000-00-00 00:00:00','Jurnalis 1',5),(17,'2019-07-01 00:00:00','LM','0017/LM/07/19','BIAYA PD KE JKT TGL 23 MEI 2019\r\n','NABHAN A/INDRA','RP',385000,'2019-07-01 00:00:00','2019-07-02 00:00:00','2019-07-03 00:00:00','Jurnalis 1',4),(18,'2019-08-09 13:49:00','LK','0018/LK/08/2019','umroh','loli','GBP',24000012,'2019-08-30 00:00:00','0000-00-00 00:00:00','0000-00-00 00:00:00','Jurnalis 1',5),(18,'2019-07-01 00:00:00','LM','0018/LM/07/19','BIAYA PD KE JKT TGL 20-24 MEI 2019\r\n','NABHAN A/ALFIAN','RP',7395000,'2019-07-01 00:00:00','2019-07-02 00:00:00','2019-07-03 00:00:00','Jurnalis 1',3),(19,'2019-08-06 13:49:00','LK','0019/LK/08/2019','star','star','RP',127,'2019-08-30 00:00:00','0000-00-00 00:00:00','0000-00-00 00:00:00','Jurnalis 1',5),(19,'2019-07-01 00:00:00','LM','0019/LM/07/19','BIAYA PD KE JKT TGL 27-29 MEI 2019\r\n','NABHAN A/ALFIAN','RP',6224000,'2019-07-01 00:00:00','2019-07-02 00:00:00','2019-07-03 00:00:00','Jurnalis 1',4),(20,'2019-08-28 13:49:00','LB','0020/LB/08/2019','masuk','eko','SGD',313232,'2019-08-30 00:00:00','0000-00-00 00:00:00','0000-00-00 00:00:00','Jurnalis 1',5),(20,'2019-07-01 00:00:00','LM','0020/LM/07/19','BIAYA PD KE TANGERANG TGL 25-26 MEI 2019\r\n','NABHAN A/AGUNG S','RP',852000,'2019-07-01 00:00:00','2019-07-02 00:00:00','2019-07-03 00:00:00','Jurnalis 1',2),(21,'2019-08-22 13:49:01','LB','0021/LB/08/2019','haji','sumi','GBP',35000000,'2019-08-30 00:00:00','0000-00-00 00:00:00','0000-00-00 00:00:00','Jurnalis 1',5),(21,'2019-07-14 00:00:00','PB','0021/PB/07/2019','DINAS KE BALI','PT. MAJU MUNDUR ENAK','RP',13000000,'2019-07-14 00:00:00','0000-00-00 00:00:00','0000-00-00 00:00:00','Jurnalis 1',5),(22,'2019-08-05 13:49:01','LK','0022/LK/08/2019','masuk','eko','SGD',93292,'2019-08-30 00:00:00','0000-00-00 00:00:00','0000-00-00 00:00:00','Jurnalis 1',5),(23,'2019-08-14 13:55:49','LB','0023/LB/08/2019','teees','teees','RP',12312,'2019-08-30 08:55:49','0000-00-00 00:00:00','0000-00-00 00:00:00','Jurnalis 1',5),(24,'2019-08-07 13:57:56','LK','0024/LK/08/2019','mamang edi','mamang edi','CHF',39,'2019-08-30 08:57:56','0000-00-00 00:00:00','0000-00-00 00:00:00','Jurnalis 1',5),(25,'2019-08-01 14:43:20','LK','0025/LK/08/2019','2','2','GBP',2,'2019-08-30 14:43:20','0000-00-00 00:00:00','0000-00-00 00:00:00','Jurnalis 1',5),(25,'2019-07-24 14:03:19','LN','0025/LN/07/2019','star','star','CHF',31,'2019-08-30 14:03:19','0000-00-00 00:00:00','0000-00-00 00:00:00','Jurnalis 1',5),(25,'2019-07-25 14:01:04','UM','0025/UM/07/2019','a','a','CHF',1,'2019-08-30 14:01:04','0000-00-00 00:00:00','0000-00-00 00:00:00','Jurnalis 1',5),(26,'2019-07-24 14:32:02','LB','0026/LB/07/2019','sa','sa','CHF',2,'2019-08-30 14:32:02','0000-00-00 00:00:00','0000-00-00 00:00:00','Jurnalis 1',5),(26,'2019-08-22 14:47:35','LB','0026/LB/08/2019','star','star','JPY',412412312,'2019-08-30 14:47:35','0000-00-00 00:00:00','0000-00-00 00:00:00','Jurnalis 1',5),(27,'2019-07-30 14:42:42','LB','0027/LB/07/2019','ttt','ttt','GBP',2,'2019-08-30 14:42:42','0000-00-00 00:00:00','0000-00-00 00:00:00','Jurnalis 1',5),(27,'2019-08-30 14:47:35','LB','0027/LB/08/2019','sdkja','sdhfjsd','EURO',499999996,'2019-08-30 14:47:35','0000-00-00 00:00:00','0000-00-00 00:00:00','Jurnalis 1',5),(28,'2019-08-07 14:47:36','LB','0028/LB/08/2019','star','star','CHF',2147483647,'2019-08-30 14:47:36','0000-00-00 00:00:00','0000-00-00 00:00:00','Jurnalis 1',5),(28,'2019-07-30 14:45:51','LN','0028/LN/07/2019','star','star','SGD',123,'2019-08-30 14:45:51','0000-00-00 00:00:00','0000-00-00 00:00:00','Jurnalis 1',5),(29,'2019-08-30 14:47:36','LB','0029/LB/08/2019','PTJWB SWAKELOLA THP II TH 2018 PROY PENJUALAN RITEL KTP','FACHRI A','RP',6.26,'0000-00-00 00:00:00','0000-00-00 00:00:00','0000-00-00 00:00:00','Reject',5),(29,'2019-07-30 14:45:51','LN','0029/LN/07/2019','dsd','ad','GBP',11100000,'2019-08-30 14:45:51','0000-00-00 00:00:00','0000-00-00 00:00:00','Jurnalis 1',5),(30,'2019-07-23 14:45:51','LN','0030/LN/07/2019','astar','star','RP',12,'2019-08-30 14:45:51','0000-00-00 00:00:00','0000-00-00 00:00:00','Jurnalis 1',5),(30,'2019-08-22 14:49:30','UM','0030/UM/08/2019','sd','sad','GBP',343443434,'2019-08-30 14:49:30','0000-00-00 00:00:00','0000-00-00 00:00:00','Jurnalis 1',5),(31,'2019-07-29 14:45:52','LN','0031/LN/07/2019','asd','sad','SGD',10000000,'2019-08-30 14:45:52','0000-00-00 00:00:00','0000-00-00 00:00:00','Jurnalis 1',5),(31,'2019-08-06 14:49:30','UM','0031/UM/08/2019','star','star','CHF',51131,'2019-08-30 14:49:30','0000-00-00 00:00:00','0000-00-00 00:00:00','Jurnalis 1',5),(32,'2019-08-15 14:49:31','UM','0032/UM/08/2019','star','star','CHF',4123,'2019-08-30 14:49:31','0000-00-00 00:00:00','0000-00-00 00:00:00','Jurnalis 1',5),(33,'2019-08-30 14:49:31','UM','0033/UM/08/2019','wewqe','sddd','USD',1233333,'2019-08-30 14:49:31','0000-00-00 00:00:00','0000-00-00 00:00:00','Reject',5),(34,'2019-08-30 14:50:50','UM','0034/UM/08/2019','ada','ada','CHF',64565,'2019-08-30 14:50:50','0000-00-00 00:00:00','0000-00-00 00:00:00','Finish',5),(35,'2019-08-30 14:50:51','UM','0035/UM/08/2019','asjdgja','sajgdjad','CHF',166676703,'2019-08-30 14:50:51','2019-09-04 00:00:00','0000-00-00 00:00:00','Reject',5),(36,'2019-08-30 14:50:51','UM','0036/UM/08/2019','ada','ada','CHF',123,'2019-08-30 14:50:51','2019-09-04 00:00:00','0000-00-00 00:00:00','Manager',5),(37,'2019-08-30 14:50:51','UM','0037/UM/08/2019','sadasd','asdasd','CHF',16890909,'2019-08-30 14:50:51','2019-09-04 00:00:00','0000-00-00 00:00:00','Reject',5),(38,'2019-08-23 09:42:04','UM','0038/UM/08/2019','UM PD KE JKT TGL 2 APRIL 2019','QAMARUZZAMAN','RP',280000,'2019-09-05 09:42:04','0000-00-00 00:00:00','0000-00-00 00:00:00','Jurnalis 1',5),(39,'2019-08-29 13:40:26','UM','0039/UM/08/2019','UM PD KE JKT TGL 2 APRIL 2019','QAMARUZZAMAN','RP',280000,'2019-09-05 13:40:26','0000-00-00 00:00:00','0000-00-00 00:00:00','Jurnalis 1',5);

/*Table structure for table `operator` */

DROP TABLE IF EXISTS `operator`;

CREATE TABLE `operator` (
  `operator_id` int(15) NOT NULL AUTO_INCREMENT,
  `username` varchar(50) NOT NULL,
  `password_enc` varchar(60) NOT NULL,
  `password` varchar(20) DEFAULT NULL,
  `position` enum('manager','verifikasi1','verifikasi2','verifikasi3','jurnalis','admin','guest') NOT NULL,
  `phone_number` varchar(20) NOT NULL,
  `status` enum('active','nonactive') NOT NULL,
  PRIMARY KEY (`operator_id`)
) ENGINE=InnoDB AUTO_INCREMENT=8 DEFAULT CHARSET=latin1;

/*Data for the table `operator` */

insert  into `operator`(`operator_id`,`username`,`password_enc`,`password`,`position`,`phone_number`,`status`) values (1,'admin','21232f297a57a5a743894a0e4a801fc3','admin','admin','0','active'),(2,'manager','1d0258c2440a8d19e716292b231e3190','manager','manager','123123123','active'),(3,'admins','21232f297a57a5a743894a0e4a801fc3','admin','admin','0','nonactive'),(4,'jurnalis','a8bf7856e42e177ffa80bda20d0166c4','jurnalis','jurnalis','012312','active'),(5,'verif1','70f4c4a6a1c5edf8104f23a44e308f1f','verif1','verifikasi1','0123','active'),(6,'verif2','4932df2bfecc6430acbe6b527be892e4','verif2','verifikasi2','00','active'),(7,'verif3','ac1ac4d15eb52cac0c20c0b6ea21c3f2','verif3','verifikasi3','0','active');

/*Table structure for table `revisi` */

DROP TABLE IF EXISTS `revisi`;

CREATE TABLE `revisi` (
  `No` int(11) NOT NULL AUTO_INCREMENT,
  `Tanggal_Masuk` datetime DEFAULT NULL,
  `Kode_Ver` varchar(20) DEFAULT NULL,
  `No_Verifikasi` varchar(50) DEFAULT NULL,
  `Keterangan` text,
  `User` varchar(20) DEFAULT NULL,
  `Mata_Uang` varchar(10) DEFAULT NULL,
  `Jumlah` double DEFAULT NULL,
  `Tgl_Out_Verif` datetime DEFAULT NULL,
  `Tgl_Out_Jurnal` datetime DEFAULT NULL,
  `Status_Revisi` varchar(10) DEFAULT NULL,
  `Alasan_Revisi` text,
  `Operator_id` varchar(20) DEFAULT NULL,
  KEY `no_dokumen` (`No`),
  KEY `No_Verifikasi` (`No_Verifikasi`),
  CONSTRAINT `revisi_ibfk_1` FOREIGN KEY (`No_Verifikasi`) REFERENCES `dokumen` (`No_Verifikasi`) ON UPDATE CASCADE
) ENGINE=InnoDB AUTO_INCREMENT=84 DEFAULT CHARSET=latin1;

/*Data for the table `revisi` */

insert  into `revisi`(`No`,`Tanggal_Masuk`,`Kode_Ver`,`No_Verifikasi`,`Keterangan`,`User`,`Mata_Uang`,`Jumlah`,`Tgl_Out_Verif`,`Tgl_Out_Jurnal`,`Status_Revisi`,`Alasan_Revisi`,`Operator_id`) values (76,'2019-09-05 13:45:00','PB','0007/PB/09/2019','PENGGANTIAN RENTAL KENDARAAN','SRIYANTO','RP',1100000,'2019-09-05 13:45:00','0000-00-00 00:00:00','Done','tes','5'),(77,'2019-09-05 13:45:28','PB','0008/PB/09/2019','BIAYA PD KE SBY TGL 12-21 MEI 2019','DIKDIK N','RP',8480000,'2019-09-05 13:45:28','2019-09-05 13:49:09','Done','tes','5'),(78,'2019-09-05 13:45:00','PB','0007/PB/09/2019','PENGGANTIAN RENTAL KENDARAAN','SRIYANTO SS','RP',1100000,'2019-09-05 13:52:40','0000-00-00 00:00:00',NULL,'tes','5'),(79,'2019-09-05 13:45:28','PB','0008/PB/09/2019','BIAYA PD KE SBY TGL 12-21 MEI 2019','DIKDIK NNN','RP',8480000,'2019-09-05 13:52:48','2019-09-05 13:55:23','Done','tes','5'),(80,'2019-09-05 13:44:27','PB','0006/PB/09/2019','PENGGANTIAN RENTAL KENDARAAN','RUSTANTO ','RP',500000,'2019-09-05 13:44:27','0000-00-00 00:00:00','Done','tess','5'),(81,'2019-09-05 13:45:28','PB','0008/PB/09/2019','BIAYA PD KE SBY TGL 12-21 MEI 2019','DIKDIK NNN','RP',8480000,'2019-09-05 13:57:51','2019-09-05 14:07:01',NULL,'tess','5'),(82,'2019-08-30 14:47:36','LB','0029/LB/08/2019','PTJWB SWAKELOLA THP II TH 2018 PROY PENJUALAN RITEL KTP','FACHRI A','RP',6.26,'2019-09-05 12:54:22','0000-00-00 00:00:00',NULL,'tessss','5'),(83,'2019-09-05 17:39:33','LM','0011/LM/09/2019','BIAYA PD KE BDG TGL 12 JULI 2019','RETNO W','RP',224000,'2019-09-05 17:39:33','0000-00-00 00:00:00','Done','tes','6');

/*!40101 SET SQL_MODE=@OLD_SQL_MODE */;
/*!40014 SET FOREIGN_KEY_CHECKS=@OLD_FOREIGN_KEY_CHECKS */;
/*!40014 SET UNIQUE_CHECKS=@OLD_UNIQUE_CHECKS */;
/*!40111 SET SQL_NOTES=@OLD_SQL_NOTES */;
